Service Name,Category,Type,Status,Domain,Description,Technology Stack,Port,Dependencies,Container Connections,Economic Value
accessibility,Core,Python,Placeholder,Universal,Accessibility compliance and tools,Python/FastAPI,TBD,auth-service,→ All domain services,0.001 CC per accessibility check
accounting-core,Business,Python,Active,businesslog.ai,Complete accounting system with GL and AR/AP,Python/FastAPI/SQLite,TBD,auth-service,→ payroll-hr → invoice-engine,0.01 CC per transaction
activelog-backend,Fitness,Python,Placeholder,activelog.ai,Athletic performance and fitness logging,Python/FastAPI/SQLite,TBD,auth-service,→ workout-tracking → nutrition-logging,0.005 CC per workout log
workout-tracking,Fitness,Python,Placeholder,activelog.ai,Workout session tracking and analytics,Python/FastAPI,TBD,activelog-backend,← activelog-backend → wearable-integration,0.003 CC per session
nutrition-logging,Fitness,Python,Placeholder,activelog.ai,Nutrition and dietary intake tracking,Python/FastAPI,TBD,activelog-backend,← activelog-backend → meal-planning,0.002 CC per meal log
wearable-integration,Fitness,Python,Placeholder,activelog.ai,Fitness tracker and wearable device integration,Python/FastAPI,TBD,workout-tracking,← workout-tracking → biometric-analysis,0.001 CC per data sync
performance-analytics,Fitness,Python,Placeholder,activelog.ai,Athletic performance analysis and optimization,Python/FastAPI,TBD,activelog-backend,← All fitness services → cross-domain-analytics,0.008 CC per analysis
activeLedger-compliance,FinTech,Python,Placeholder,SuperInstance,Regulatory compliance for trading,Python/FastAPI,TBD,auth-service,→ compute-capital-trading,0.005 CC per compliance check
activeledger-trading,FinTech,Python,Placeholder,ActiveLedger,Trading interface,Python/FastAPI,TBD,auth-service
activeledger,FinTech,Node.js,Placeholder,ActiveLedger,Core ActiveLedger blockchain platform,Node.js/Express,TBD,auth-service
ad-engine,Marketing,Node.js,Placeholder,Universal,Advertisement serving engine,Node.js/Express,TBD,auth-service
adaptive-ux,UX/UI,Python,Placeholder,Universal,Adaptive user experience optimization,Python/FastAPI/ML,TBD,auth-service
ads,Marketing,Python,Active,Universal,Advertisement management system,Python/FastAPI,TBD,auth-service
ai-connectors,AI/ML,Node.js,Placeholder,Universal,AI service integration connectors,Node.js/Express,TBD,auth-service
ai-observability,AI/ML,Python,Placeholder,Universal,AI model monitoring and observability,Python/FastAPI,TBD,auth-service
ai-optimizer,AI/ML,Python,Placeholder,Universal,AI performance optimization,Python/FastAPI,TBD,auth-service
ai-orchestrator,AI/ML,Python,Active,Universal,AI service orchestration platform,Python/FastAPI,TBD,auth-service
ai-receptionist,AI/ML,Python,Placeholder,Universal,AI-powered virtual receptionist,Python/FastAPI,TBD,auth-service
ai-tools,AI/ML,Mixed,Placeholder,Universal,Collection of AI utility tools,Mixed,TBD,auth-service
ai_orchestrator,AI/ML,Docker,Placeholder,Universal,Containerized AI orchestration,Docker,TBD,auth-service
ambient,UX/UI,Python,Placeholder,Universal,Ambient computing interface,Python/FastAPI,TBD,auth-service
analytics-platform,Analytics,Python,Placeholder,Universal,Comprehensive analytics platform,Python/FastAPI,TBD,auth-service
analytics,Analytics,Python,Active,Universal,Core analytics service,Python/FastAPI,TBD,auth-service
api-ecosystem,API,Python,Placeholder,Universal,API management ecosystem,Python/FastAPI,TBD,auth-service
api-gateway,API,Python,Active,SuperInstance,Central API gateway with routing,Python/FastAPI,8080,auth-service,→ All domain services (routing),0.0002 CC per routed request
api-monetization,API,Python,Placeholder,Universal,API monetization and billing,Python/FastAPI,TBD,auth-service
api_gateway,API,Docker,Placeholder,Universal,Containerized API gateway,Docker,TBD,auth-service
ar-layer,AR/VR,Mixed,Placeholder,Universal,Augmented reality interface layer,Mixed,TBD,auth-service
auth-service,Security,Python,Production,SuperInstance,JWT-based authentication service,Python/FastAPI/SQLite,8000,None,→ All services (authentication),0.0001 CC per auth request
auth,Security,Python,Active,SuperInstance,Extended authentication service,Python/FastAPI/SQLite,TBD,None,← auth-service (fallback),0.0001 CC per auth request
auto-improve-system,DevOps,Python,Active,Universal,Automated system improvement,Python/FastAPI,TBD,auth-service
auto-improve,DevOps,Node.js,Placeholder,Universal,Auto-improvement orchestrator,Node.js/Docker,TBD,auth-service
auto-scheduler,DevOps,Python,Active,Universal,Automated task scheduling,Python/FastAPI,TBD,auth-service
backup-dr,DevOps,Python,Placeholder,Universal,Backup and disaster recovery,Python/FastAPI,TBD,auth-service
backup,DevOps,Python,Placeholder,Universal,Data backup service,Python/FastAPI,TBD,auth-service
banking-service,FinTech,Python,Placeholder,Business,Banking integration service,Python/FastAPI,TBD,auth-service
batch-import,Data,Python,Placeholder,Universal,Batch data import processing,Python/FastAPI,TBD,auth-service
beta-platform,Platform,Docker,Placeholder,Universal,Beta testing platform,Docker,TBD,auth-service
beta-pricing,Business,Python,Active,Universal,Beta pricing and tier management,Python/FastAPI,TBD,auth-service
billing-dynamic,Business,Python,Placeholder,Universal,Dynamic billing system,Python/FastAPI,TBD,auth-service
biological,Science,Python,Placeholder,Science,Biological data integration,Python/FastAPI,TBD,auth-service
blockchain-integrity,Blockchain,Python,Placeholder,Universal,Blockchain data integrity,Python/FastAPI,TBD,auth-service
blockchain,Blockchain,Python,Placeholder,Universal,Core blockchain functionality,Python/FastAPI,TBD,auth-service
bot-ecosystem,AI/ML,Python,Active,Universal,Bot management ecosystem,Python/FastAPI,TBD,auth-service
bot-orchestrator,AI/ML,Python,Active,Universal,Bot orchestration platform,Python/FastAPI,TBD,auth-service
business-incubator,Business,Python,Active,Business,Startup incubation platform,Python/FastAPI/SQLite,TBD,auth-service
business-platform,Business,Python,Placeholder,Business,Business management platform,Python/FastAPI,TBD,auth-service
business-units,Business,Python,Active,Business,Business unit management,Python/FastAPI,TBD,auth-service
business-valuation,Business,Node.js,Placeholder,Business,Business valuation tools,Node.js/Express,TBD,auth-service
businesslog-wizard,Business,Node.js,Placeholder,Business,Business logging wizard,Node.js/Express,TBD,auth-service
cache,Infrastructure,Python,Active,SuperInstance,Distributed caching system,Python/Redis,6379,auth-service,← All services (caching),0.00005 CC per cache operation
capitaine,Gaming,Python,Placeholder,Gaming,Captain simulation game,Python/FastAPI,TBD,auth-service
career-sims,Education,Python,Placeholder,Education,Career simulation platform,Python/FastAPI,TBD,auth-service
cc-marketplace,FinTech,Python,Placeholder,Universal,Compute Capital marketplace,Python/FastAPI,TBD,auth-service
ccc-economy,FinTech,Python,Placeholder,Universal,Compute Capital economy engine,Python/FastAPI,TBD,auth-service
child-safety,Safety,Python,Placeholder,Universal,Child safety and monitoring,Python/FastAPI,TBD,auth-service
cli-interface,Interface,Python,Placeholder,Universal,Command line interface,Python/FastAPI,TBD,auth-service
cloud-infrastructure,Infrastructure,Python,Active,Universal,Cloud infrastructure management,Python/FastAPI/SQLite,TBD,auth-service
cocapn,Unknown,Python,Placeholder,Unknown,Unknown service functionality,Python/FastAPI,TBD,auth-service
code-director,DevOps,Python,Placeholder,Universal,Code management director,Python/FastAPI,TBD,auth-service
collaboration-sync,Collaboration,Python,Placeholder,Universal,Real-time collaboration sync,Python/FastAPI,TBD,auth-service
collaboration,Collaboration,Python,Placeholder,Universal,Collaboration tools,Python/FastAPI,TBD,auth-service
compute-exchange,FinTech,Node.js,Placeholder,Universal,Compute resource exchange,Node.js/Express,TBD,auth-service
compute-market,FinTech,Node.js,Placeholder,Universal,Compute Capital trading market,Node.js/TypeScript,TBD,auth-service
compute-sharing,FinTech,Python,Placeholder,Universal,Compute resource sharing,Python/FastAPI,TBD,auth-service
compute-tiers,FinTech,Python,Placeholder,Universal,Compute tier management,Python/FastAPI,TBD,auth-service
content-adaptation,Content,Node.js,Placeholder,Universal,Content adaptation engine,Node.js/TypeScript,TBD,auth-service
content-creator,Content,Node.js,Placeholder,Universal,Content creation tools,Node.js/Express,TBD,auth-service
content-economy,Content,Node.js,Placeholder,Universal,Content monetization economy,Node.js/Express,TBD,auth-service
cost-optimizer,FinTech,Node.js,Placeholder,Universal,Cost optimization service,Node.js/Express,TBD,auth-service
creative-suite,Creative,Mixed,Placeholder,Universal,Creative tools suite,Mixed,TBD,auth-service
crm-sales,Business,Python,Placeholder,Business,CRM and sales management,Python/FastAPI,TBD,auth-service
cross-app-orders,E-commerce,Node.js,Active,Universal,Cross-application ordering,Node.js/Express,TBD,auth-service
crypto-platform,FinTech,Node.js,Placeholder,FinTech,Cryptocurrency platform,Node.js/Express,TBD,auth-service
data-bridge,Data,Node.js,Placeholder,Universal,Data integration bridge,Node.js/Express,TBD,auth-service
data-export,Data,Python,Active,Universal,Data export and migration,Python/FastAPI,TBD,auth-service
data-manager,Data,Python,Active,Universal,Data management hub,Python/FastAPI,TBD,auth-service
data-mesh,Data,Python,Placeholder,Universal,Data mesh architecture,Python/FastAPI,TBD,auth-service
data-orchestrator,Data,Python,Active,Universal,Data processing orchestration,Python/FastAPI,TBD,auth-service
dev-productivity,DevOps,Python,Placeholder,Universal,Developer productivity tools,Python/FastAPI,TBD,auth-service
dev-sandbox,DevOps,Node.js,Active,Universal,Development sandbox environment,Node.js/Express,TBD,auth-service
director-terminal,Interface,Python,Placeholder,Universal,Director command terminal,Python/Flask,TBD,auth-service
disaster-recovery,DevOps,Python,Placeholder,Universal,Disaster recovery management,Python/FastAPI,TBD,auth-service
dmlog-ai-dm,Gaming,Python,Active,DMLog,AI Dungeon Master assistant,Python/FastAPI,TBD,auth-service
dmlog-battle,Gaming,Python,Active,DMLog,Battle management system,Python/FastAPI,TBD,auth-service
dmlog-character-builder,Gaming,Python,Active,DMLog,D&D character builder with AI,Python/FastAPI/SQLite,TBD,auth-service
dmlog-characters,Gaming,Python,Active,DMLog,Character management system,Python/FastAPI,TBD,auth-service
dmlog-converter,Gaming,Python,Placeholder,DMLog,Content format converter,Python/FastAPI,TBD,auth-service
dmlog-core,Gaming,Python,Active,DMLog,Core D&D logging service,Python/FastAPI,TBD,auth-service
dmlog-final,Gaming,Node.js,Active,DMLog,Final D&D session management,Node.js/Express,TBD,auth-service
dmlog-game-setup,Gaming,Python,Placeholder,DMLog,Game session setup,Python/FastAPI,TBD,auth-service
dmlog-gamedev,Gaming,Node.js,Active,DMLog,Game development tools,Node.js/TypeScript,TBD,auth-service
dmlog-instant,Gaming,Node.js,Placeholder,DMLog,Instant session creation,Node.js/Express,TBD,auth-service
dmlog-integration-hub,Gaming,Python,Placeholder,DMLog,Integration hub for D&D tools,Python/FastAPI,TBD,auth-service
dmlog-integration,Gaming,Python,Placeholder,DMLog,D&D tool integration,Python/FastAPI/SQLite,TBD,auth-service
dmlog-marketplace,Gaming,Python,Placeholder,DMLog,D&D content marketplace,Python/FastAPI,TBD,auth-service
dmlog-player,Gaming,Python,Active,DMLog,Player management system,Python/FastAPI,TBD,auth-service
dmlog-session-logger,Gaming,Python,Production,dmlog.ai,D&D session logging service,Python/FastAPI,TBD,auth-service,→ dmlog-character-builder → dmlog-world,0.008 CC per session log
dmlog-session,Gaming,Python,Active,DMLog,Session management core,Python/FastAPI,TBD,auth-service
dmlog-stream,Gaming,Node.js,Placeholder,DMLog,Live session streaming,Node.js/Express,TBD,auth-service
dmlog-templates,Gaming,Python,Placeholder,DMLog,Session and campaign templates,Python/FastAPI,TBD,auth-service
dmlog-visualizer,Gaming,Node.js,Placeholder,DMLog,Session data visualization,Node.js/Express,TBD,auth-service
dmlog-world-builder-v2,Gaming,Node.js,Active,DMLog,Advanced world building tools,Node.js/Express,TBD,auth-service
dmlog-world,Gaming,Python,Active,DMLog,World building and management,Python/FastAPI,TBD,auth-service
dmlog,Gaming,Python,Active,DMLog,Core D&D logging platform,Python/Docker,TBD,auth-service
document-ai,AI/ML,Python,Active,Universal,AI document processing,Python/FastAPI,TBD,auth-service
dream-mode-v2,Simulation,Python,Placeholder,Universal,Advanced dream mode simulation,Python/FastAPI/SQLite,TBD,auth-service
dream-mode,Simulation,Python,Active,Universal,Dream mode reality simulation,Python/FastAPI/ML,TBD,auth-service
dream-simulator,Simulation,Python,Active,Universal,Dream sequence simulation,Python/FastAPI,TBD,auth-service
dual-interface,Interface,Node.js,Placeholder,Universal,Dual mode interface system,Node.js/TypeScript,TBD,auth-service
ecommerce-platform,E-commerce,Python,Placeholder,Business,E-commerce platform,Python/FastAPI,TBD,auth-service
economy-sim,Simulation,Python,Placeholder,Universal,Economic simulation engine,Python/FastAPI,TBD,auth-service
ecosystem-orchestrator,Platform,Python,Placeholder,Universal,Ecosystem service orchestration,Python/FastAPI,TBD,auth-service
edge-orchestrator,Infrastructure,Python,Placeholder,Universal,Edge computing orchestration,Python/FastAPI,TBD,auth-service
edge-programmer,DevOps,Python,Placeholder,Universal,Edge device programming,Python/FastAPI,TBD,auth-service
edu-games,Education,Node.js,Placeholder,Education,Educational gaming platform,Node.js/Express,TBD,auth-service
education-ai,Education,Python,Active,Education,AI-powered education platform,Python/FastAPI,TBD,auth-service
educator-portal,Education,Node.js,Placeholder,Education,Educator management portal,Node.js/TypeScript,TBD,auth-service
emotional-ai,AI/ML,Mixed,Placeholder,Universal,Emotional intelligence AI,Mixed,TBD,auth-service
engine-monitor,DevOps,Python,Placeholder,Universal,System engine monitoring,Python/FastAPI,TBD,auth-service
enterprise-custom,Enterprise,Python,Active,Enterprise,Enterprise customization platform,Python/FastAPI,TBD,auth-service
enterprise-isolation,Enterprise,Node.js,Placeholder,Enterprise,Enterprise data isolation,Node.js/Express,TBD,auth-service
etl-pipeline,Data,Python,Placeholder,Universal,ETL data pipeline,Python/Airflow,TBD,auth-service
event-sourcing-cqrs,Architecture,Python,Placeholder,Universal,Event sourcing and CQRS,Python/FastAPI,TBD,auth-service
file-sync,Storage,Python,Placeholder,Universal,File synchronization service,Python/FastAPI,TBD,auth-service
file-watcher,DevOps,Python,Active,Universal,File system monitoring,Python/FastAPI,TBD,auth-service
file_processor,Data,Docker,Placeholder,Universal,File processing service,Docker,TBD,auth-service
financial-management,FinTech,Python,Placeholder,Business,Financial management service,Python/FastAPI,TBD,auth-service
fishing-pro,Fishing,Mixed,Placeholder,Fishing,Professional fishing tools,Mixed,TBD,auth-service
fishinglog-backend,Fishing,Python,Production,fishinglog.ai,Fishing log backend service,Python/FastAPI/SQLite,8001,auth-service,→ marine-navigation → fishinglog-voice,0.01 CC per catch log
fishinglog-crew,Fishing,Python,Active,fishinglog.ai,Fishing crew management,Python/FastAPI,TBD,auth-service,← fishinglog-backend → crew-scheduling,0.005 CC per crew update
fishinglog-layouts,Fishing,Node.js,Active,fishinglog.ai,Fishing vessel layout manager,Node.js/Express,TBD,auth-service,← fishinglog-backend → vessel-optimization,0.003 CC per layout optimization
marine-navigation,Marine,Python,Active,fishinglog.ai,Marine navigation system,Python/FastAPI,TBD,fishinglog-backend,← fishinglog-backend → weather-integration,0.008 CC per route calculation
fishinglog-voice,Fishing,Python,Active,fishinglog.ai,Voice interface for fishing,Python/FastAPI,TBD,auth-service,← fishinglog-backend → voice-processing,0.002 CC per voice command
franchise-mgmt,Business,Python,Placeholder,Business,Franchise management system,Python/FastAPI,TBD,auth-service
free-tier-ads,Marketing,Python,Placeholder,Universal,Free tier advertisement system,Python/FastAPI,TBD,auth-service
frontend-improver,DevOps,Python,Active,Universal,Frontend optimization service,Python/FastAPI,TBD,auth-service
frontend-market,Business,Python,Active,Universal,Frontend component marketplace,Python/FastAPI,TBD,auth-service
fundraising,Business,Python,Placeholder,Business,Fundraising management platform,Python/FastAPI/SQLite,TBD,auth-service
game-dev-mode,Gaming,Python,Active,Gaming,Game development tools,Python/FastAPI,TBD,auth-service
game-enhance,Gaming,Python,Active,Gaming,Game enhancement platform,Python/FastAPI,TBD,auth-service
game-improver,Gaming,Python,Active,Gaming,Game improvement automation,Python/FastAPI,TBD,auth-service
gaming-platform,Gaming,Python,Placeholder,Gaming,Comprehensive gaming platform,Python/FastAPI,TBD,auth-service
gov-contracting,Government,Python,Active,Government,Government contracting management,Python/FastAPI/SQLite,TBD,auth-service
graphql,API,Node.js,Active,Universal,GraphQL API gateway,Node.js/TypeScript,TBD,auth-service
growth,Marketing,Node.js,Placeholder,Universal,Growth hacking platform,Node.js/Express,TBD,auth-service
hardware-abstraction,Hardware,Python,Active,Universal,Hardware abstraction layer,Python/FastAPI,TBD,auth-service
hardware-ecosystem,Hardware,Python,Placeholder,Universal,Hardware device ecosystem,Python/FastAPI/SQLite,TBD,auth-service
hardware-wizard,Hardware,Python,Placeholder,Universal,Hardware setup wizard,Python/FastAPI/SQLite,TBD,auth-service
hatchery-manager,Aquaculture,Python,Placeholder,Fishing,Fish hatchery management,Python/FastAPI,TBD,auth-service
hatchery_management,Aquaculture,Python,Active,Fishing,Hatchery operation management,Python/FastAPI/SQLite,TBD,auth-service
health-integration,Health,Mixed,Placeholder,Health,Health data integration,Mixed,TBD,auth-service
home_power_sharing,Energy,Python,Active,Energy,Home energy sharing network,Python/FastAPI/SQLite,TBD,auth-service
identity-federation,Security,Node.js,Placeholder,Universal,Identity federation service,Node.js/Express,TBD,auth-service
imagination-engine,AI/ML,Mixed,Placeholder,Universal,Creative AI engine,Mixed,TBD,auth-service
improvement-orchestrator,DevOps,Python,Active,Universal,System improvement orchestration,Python/FastAPI/SQLite,TBD,auth-service
improvement-system,DevOps,Python,Active,Universal,Automated improvement system,Python/FastAPI,TBD,auth-service
instance-manager,Infrastructure,Python,Active,Universal,Instance lifecycle management,Python/FastAPI,TBD,auth-service
instance-orchestrator,Infrastructure,Python,Active,Universal,Multi-instance orchestration,Python/FastAPI,TBD,auth-service
insurance-platform,FinTech,Python,Placeholder,Business,Insurance management platform,Python/FastAPI,TBD,auth-service
integration-controller,Integration,Python,Placeholder,Universal,Service integration controller,Python/FastAPI,TBD,auth-service
integration-hub,Integration,Python,Active,Universal,Central integration hub,Python/FastAPI,TBD,auth-service
intelligent-cache,Infrastructure,Python,Placeholder,Universal,AI-powered caching system,Python/FastAPI,TBD,auth-service
intelligent-installer,DevOps,Python,Placeholder,Universal,Intelligent software installer,Python/FastAPI/SQLite,TBD,auth-service
interactive-tutorials,Education,Python,Placeholder,Education,Interactive tutorial system,Python/FastAPI,TBD,auth-service
inventory-sync,Inventory,Node.js,Active,Business,Inventory synchronization,Node.js/Express,TBD,auth-service
investment-manager,FinTech,Node.js,Placeholder,Business,Investment portfolio management,Node.js/Express,TBD,auth-service
invoice-engine,Business,Python,Active,Business,Advanced invoicing system,Python/FastAPI,TBD,auth-service
iot-gateway,IoT,Node.js,Placeholder,Universal,IoT device gateway,Node.js/Express,TBD,auth-service
kids-connect,Social,Node.js,Placeholder,Kids,Child-safe social platform,Node.js/Express,TBD,auth-service
legal-framework,Legal,Python,Active,Universal,Comprehensive legal framework,Python/FastAPI,TBD,auth-service
luciddreamer-core,AI/ML,Python,Placeholder,Universal,Lucid dreaming AI core,Python/FastAPI,TBD,auth-service
makerslog-kids,Education,Mixed,Placeholder,Education,Kids maker education,Mixed,TBD,auth-service
makerslog-workshop,Education,Mixed,Placeholder,Education,Workshop management for makers,Mixed,TBD,auth-service
manufacturing-erp,Manufacturing,Python,Placeholder,Manufacturing,Manufacturing ERP system,Python/FastAPI,TBD,auth-service
manufacturing,Manufacturing,Mixed,Placeholder,Manufacturing,Manufacturing management,Mixed,TBD,auth-service
marine-advanced,Marine,Python,Active,Marine,Advanced marine systems,Python/FastAPI,TBD,auth-service
marine-alarms,Marine,Python,Active,Marine,Marine alarm systems,Python/FastAPI,TBD,auth-service
marine-autopilot,Marine,Python,Active,Marine,Marine autopilot system,Python/FastAPI,TBD,auth-service
marine-fishing,Marine,Python,Placeholder,Fishing,Marine fishing integration,Python/FastAPI,TBD,auth-service
market-analysis,Analytics,Python,Active,Business,Market analysis platform,Python/FastAPI,TBD,auth-service
market-infrastructure,FinTech,Mixed,Placeholder,FinTech,Financial market infrastructure,Mixed,TBD,auth-service
marketing-auto,Marketing,Node.js,Active,Universal,Marketing automation platform,Node.js/Express,TBD,auth-service
marketplace-v2,E-commerce,Python,Placeholder,Universal,Advanced marketplace platform,Python/FastAPI/SQLite,TBD,auth-service
membership-migration,Business,Python,Placeholder,Universal,Membership data migration,Python/FastAPI,TBD,auth-service
memory-preservation,AI/ML,Python,Placeholder,Universal,Memory and story preservation,Python/FastAPI,TBD,auth-service
metadata,Data,Python,Active,Universal,Metadata management service,Python/FastAPI/Elasticsearch,TBD,auth-service
migration-toolkit,DevOps,Node.js,Placeholder,Universal,Data migration toolkit,Node.js/Express,TBD,auth-service
ml-orchestrator,AI/ML,Python,Placeholder,Universal,Machine learning orchestration,Python/FastAPI,TBD,auth-service
ml-pipeline,AI/ML,Python,Active,Universal,ML model pipeline,Python/Docker,TBD,auth-service
ml-platform,AI/ML,Python,Active,Universal,Machine learning platform,Python/FastAPI,TBD,auth-service
mobile-api,Mobile,Python,Active,Universal,Mobile application API,Python/FastAPI,TBD,auth-service
monetization-engine,Business,Node.js,Active,Universal,Service monetization engine,Node.js/Express,TBD,auth-service
monitoring-observability,DevOps,Python,Placeholder,Universal,System monitoring and observability,Python/FastAPI,TBD,auth-service
multiverse,Simulation,Python,Placeholder,Universal,Multiverse simulation engine,Python/FastAPI,TBD,auth-service
municipal-platform,Government,Python,Placeholder,Government,Municipal management platform,Python/FastAPI,TBD,auth-service
nonprofit-mgmt,Nonprofit,Node.js,Placeholder,Nonprofit,Nonprofit organization management,Node.js/Express,TBD,auth-service
notification,Notification,Docker,Placeholder,Universal,Notification service,Docker,TBD,auth-service
notifications,Notification,Python,Active,Universal,Multi-channel notifications,Python/FastAPI,TBD,auth-service
observability-stack,DevOps,Python,Placeholder,Universal,Comprehensive observability,Python/FastAPI,TBD,auth-service
org-tiers,Business,Node.js,Placeholder,Universal,Organization tier management,Node.js/Express,TBD,auth-service
p2p-sync,P2P,Mixed,Placeholder,Universal,Peer-to-peer synchronization,Mixed,TBD,auth-service
paper-trading,FinTech,Python,Placeholder,FinTech,Paper trading simulation,Python/FastAPI/SQLite,TBD,auth-service
parts-market,E-commerce,Python,Placeholder,Manufacturing,Parts and components marketplace,Python/FastAPI,TBD,auth-service
payment-v2,FinTech,Mixed,Placeholder,Universal,Advanced payment processing,Mixed,TBD,auth-service
payroll-hr,HR,Python,Active,Business,Payroll and HR management,Python/FastAPI/SQLite,TBD,auth-service
performance-monitor,DevOps,Python,Placeholder,Universal,Performance monitoring service,Python/FastAPI,TBD,auth-service
permissions,Security,Python,Active,Universal,Permissions and access control,Python/FastAPI,TBD,auth-service
personal-server,Personal,Python,Placeholder,Personal,Personal data server,Python/FastAPI,TBD,auth-service
personallog-backend,Personal,Python,Production,personallog.ai,Personal logging backend,Python/FastAPI,8080,auth-service,→ collaboration-sync → mobile-api,0.006 CC per personal log
platform-builders,Platform,Python,Placeholder,Universal,Platform building tools,Python/FastAPI,TBD,auth-service
playerlog-empire,Gaming,Node.js,Placeholder,Gaming,Player empire management,Node.js/Express,TBD,auth-service
podcast-gen,Content,Node.js,Placeholder,Content,Podcast generation platform,Node.js/Express,TBD,auth-service
pos-retail,Retail,Node.js,Placeholder,Retail,Point of sale retail system,Node.js/Express,TBD,auth-service
predictive-ai,AI/ML,Node.js,Placeholder,Universal,Predictive AI platform,Node.js/TypeScript,TBD,auth-service
predictive-analytics,Analytics,Python,Placeholder,Universal,Predictive analytics engine,Python/FastAPI,TBD,auth-service
predictive,Analytics,Python,Placeholder,Universal,Predictive analysis tools,Python/FastAPI,TBD,auth-service
pricing-engine,Business,Mixed,Placeholder,Universal,Dynamic pricing engine,Mixed,TBD,auth-service
print-automation,Manufacturing,Node.js,Placeholder,Manufacturing,3D print automation,Node.js/Express,TBD,auth-service
privacy-vault,Security,Python,Placeholder,Universal,Personal privacy vault,Python/FastAPI,TBD,auth-service
product-market,E-commerce,Python,Active,Business,Product marketplace platform,Python/FastAPI/SQLite,TBD,auth-service
quantum-infrastructure,Quantum,Python,Placeholder,Universal,Quantum computing infrastructure,Python/FastAPI,TBD,auth-service
quantum-integration,Quantum,Python,Active,Universal,Quantum computing integration,Python/FastAPI,TBD,auth-service
quantum-ready,Quantum,Python,Placeholder,Universal,Quantum readiness platform,Python/FastAPI,TBD,auth-service
quantum-reality,Quantum,Python,Placeholder,Universal,Quantum reality simulation,Python/FastAPI,TBD,auth-service
quick-analysis,Analytics,Python,Active,Universal,Quick data analysis service,Python/FastAPI/SQLite,TBD,auth-service
real-estate,Real Estate,Python,Placeholder,Real Estate,Real estate management,Python/FastAPI,TBD,auth-service
reallog-pro,Real Estate,Node.js,Placeholder,Real Estate,Professional real estate logging,Node.js/Express,TBD,auth-service
realtime-events,Events,Python,Active,Universal,Real-time event processing,Python/FastAPI,TBD,auth-service
remote-control,IoT,Node.js,Active,Universal,Remote device control,Node.js/Express,TBD,auth-service
resource-allocator,Infrastructure,Python,Placeholder,Universal,Resource allocation optimizer,Python/FastAPI,TBD,auth-service
revenue-distribution,Business,Python,Active,Business,Revenue distribution platform,Python/FastAPI/SQLite,TBD,auth-service
revenue-opt,Business,Python,Active,Business,Revenue optimization service,Python/FastAPI,TBD,auth-service
runtime-optimizer,DevOps,Python,Active,Universal,Runtime performance optimizer,Python/FastAPI,TBD,auth-service
screen-intelligence,AI/ML,Node.js,Placeholder,Universal,Screen content intelligence,Node.js/Express,TBD,auth-service
search-engine,Search,Python,Placeholder,Universal,Custom search engine,Python/FastAPI,TBD,auth-service
security-advanced,Security,Python,Placeholder,Universal,Advanced security features,Python/FastAPI,TBD,auth-service
service-orchestrator,Platform,Node.js,Placeholder,Universal,Service orchestration platform,Node.js/Express,TBD,auth-service
simulation,Simulation,Mixed,Placeholder,Universal,General simulation platform,Mixed,TBD,auth-service
skill-development,Education,Node.js,Placeholder,Education,Skill development platform,Node.js/Express,TBD,auth-service
smart-folders,Storage,Python,Placeholder,Universal,AI-powered folder organization,Python/FastAPI,TBD,auth-service
social-ai,Social,Mixed,Placeholder,Social,Social AI platform,Mixed,TBD,auth-service
social-hub,Social,Node.js,Placeholder,Social,Social networking hub,Node.js/Express,TBD,auth-service
sso-system,Security,Node.js,Placeholder,Universal,Single sign-on system,Node.js/Express,TBD,auth-service
storage-monitor,Storage,Python,Active,Universal,Storage monitoring and optimization,Python/FastAPI,TBD,auth-service
stream-processor,Data,Python,Placeholder,Universal,Real-time stream processing,Python/FastAPI,TBD,auth-service
studylog-adults,Education,Node.js,Placeholder,Education,Adult learning platform,Node.js/Express,TBD,auth-service
studylog-games,Education,Node.js,Placeholder,Education,Gamified learning platform,Node.js/Express,TBD,auth-service
studylog-integration,Education,Python,Placeholder,Education,Study platform integration,Python/FastAPI,TBD,auth-service
studylog-kids,Education,Node.js,Placeholder,Education,Children's learning platform,Node.js/Express,TBD,auth-service
studylog-languages,Education,Node.js,Active,Education,Language learning platform,Node.js/Express,TBD,auth-service
supply-chain,Business,Python,Placeholder,Business,Supply chain management,Python/FastAPI,TBD,auth-service
sync-engine,Data,Python,Active,Universal,Data synchronization engine,Python/FastAPI,TBD,auth-service
sync-v2,Data,Python,Active,Universal,Advanced synchronization platform,Python/FastAPI,TBD,auth-service
tax-compliance,FinTech,Python,Active,Business,Tax compliance and reporting,Python/FastAPI,TBD,auth-service
time-machine,Analytics,Python,Placeholder,Universal,Temporal data analysis,Python/FastAPI,TBD,auth-service
trading-engine-ml,FinTech,Python,Placeholder,FinTech,ML-powered trading engine,Python/FastAPI,TBD,auth-service
trading-legal,FinTech,Python,Placeholder,FinTech,Trading legal compliance,Python/FastAPI/SQLite,TBD,auth-service
trek-computer,Interface,Node.js,Placeholder,Universal,Star Trek-style computer interface,Node.js/Express,TBD,auth-service
tycoon-games,Gaming,Python,Active,Gaming,Business tycoon games,Python/FastAPI,TBD,auth-service
ui-engine,UX/UI,Python,Active,Universal,Dynamic UI generation engine,Python/FastAPI,TBD,auth-service
ui-polish,UX/UI,Node.js,Active,Universal,UI polishing and enhancement,Node.js/Vite,TBD,auth-service
universal-drivers,Hardware,Python,Placeholder,Universal,Universal device drivers,Python/FastAPI/SQLite,TBD,auth-service
universal-translator,AI/ML,Python,Placeholder,Universal,Universal translation service,Python/FastAPI,TBD,auth-service
user-choice,UX/UI,Python,Placeholder,Universal,User preference management,Python/FastAPI,TBD,auth-service
user-friendly-ml,AI/ML,Python,Placeholder,Universal,User-friendly ML interface,Python/FastAPI,TBD,auth-service
user-instances,Infrastructure,Python,Active,Universal,User instance management,Python/FastAPI,TBD,auth-service
vendor-ecosystem,Business,Node.js,Placeholder,Business,Vendor management ecosystem,Node.js/Express,TBD,auth-service
vibe-code,Development,Python,Active,Universal,Vibe-based coding platform,Python/FastAPI,TBD,auth-service
video-pipeline,Media,Docker,Active,Universal,Video processing pipeline,Docker,TBD,auth-service
video-processor,Media,Python,Active,Universal,Video processing service,Python/FastAPI,TBD,auth-service
visual-builder,UX/UI,Node.js,Placeholder,Universal,Visual application builder,Node.js/TypeScript,TBD,auth-service
voice-excellence,Voice,Python,Active,Universal,Voice interface excellence,Python/FastAPI/SQLite,TBD,auth-service
workflows,Workflow,Python,Active,Universal,Workflow automation platform,Python/FastAPI,TBD,auth-service
workload-orchestrator,Infrastructure,Python,Placeholder,Universal,Workload orchestration service,Python/FastAPI,TBD,auth-service
zero-trust-advanced,Security,Python,Placeholder,Universal,Advanced zero trust security,Python/FastAPI,TBD,auth-service
zero-trust-security,Security,Python,Placeholder,Universal,Zero trust security framework,Python/FastAPI,TBD,auth-service
zero-trust,Security,Python,Placeholder,Universal,Zero trust architecture,Python/FastAPI,TBD,auth-service